Date,Open,High,Low,Close,Adj Close,Volume,Index
2023-01-03,33148.8984375,33387.51953125,32850.5703125,33136.37109375,33136.37109375,355930000.0,^DJI
2023-01-04,33165.140625,33409.1015625,33033.48046875,33269.76953125,33269.76953125,379400000.0,^DJI
2023-01-05,33191.71875,33191.71875,32812.328125,32930.078125,32930.078125,337920000.0,^DJI
2023-01-06,33055.30078125,33710.66015625,32997.390625,33630.609375,33630.609375,360740000.0,^DJI
2023-01-09,33664.390625,33935.109375,33487.66015625,33517.6484375,33517.6484375,327840000.0,^DJI
2023-01-10,33516.4296875,33726.5390625,33421.80078125,33704.1015625,33704.1015625,268260000.0,^DJI
2023-01-11,33754.03125,33974.69140625,33711.0390625,33973.01171875,33973.01171875,301650000.0,^DJI
2023-01-12,34047.859375,34292.671875,33792.1015625,34189.96875,34189.96875,308190000.0,^DJI
2023-01-13,34075.30859375,34342.3203125,33915.48828125,34302.609375,34302.609375,274110000.0,^DJI
2023-01-17,34222.3203125,34269.96875,33860.671875,33910.8515625,33910.8515625,353050000.0,^DJI
2023-01-18,33948.48828125,34016.53125,33269.8984375,33296.9609375,33296.9609375,351670000.0,^DJI
2023-01-19,33171.3515625,33227.48828125,32982.05078125,33044.55859375,33044.55859375,319770000.0,^DJI
2023-01-20,33073.4609375,33381.94921875,32948.9296875,33375.48828125,33375.48828125,367330000.0,^DJI
2023-01-23,33439.55859375,33782.87890625,33316.25,33629.55859375,33629.55859375,355220000.0,^DJI
2023-01-24,33444.71875,33782.921875,33310.55859375,33733.9609375,33733.9609375,299310000.0,^DJI
2023-01-25,33538.359375,33773.08984375,33273.2109375,33743.83984375,33743.83984375,341720000.0,^DJI
2023-01-26,33771.66015625,33953.7890625,33635.6015625,33949.41015625,33949.41015625,327000000.0,^DJI
2023-01-27,33952.9296875,34164.328125,33830.8515625,33978.078125,33978.078125,441260000.0,^DJI
2023-01-30,33909.2109375,34055.2890625,33695.1796875,33717.08984375,33717.08984375,343920000.0,^DJI
2023-01-31,33803.55859375,34095.23046875,33664.91015625,34086.0390625,34086.0390625,360240000.0,^DJI
2023-02-01,34039.6015625,34334.69921875,33581.421875,34092.9609375,34092.9609375,370120000.0,^DJI
2023-02-02,34129.30078125,34145.140625,33814.78125,34053.94140625,34053.94140625,429910000.0,^DJI
2023-02-03,33926.30078125,34179.578125,33813.859375,33926.01171875,33926.01171875,425150000.0,^DJI
2023-02-06,33874.44140625,33962.83984375,33683.578125,33891.01953125,33891.01953125,296400000.0,^DJI
2023-02-07,33769.78125,34240.0,33634.1015625,34156.69140625,34156.69140625,361620000.0,^DJI
2023-02-08,34132.8984375,34161.6484375,33899.7890625,33949.01171875,33949.01171875,324090000.0,^DJI
2023-02-09,34105.609375,34252.5703125,33607.12890625,33699.87890625,33699.87890625,347520000.0,^DJI
2023-02-10,33671.5390625,33897.30859375,33591.98828125,33869.26953125,33869.26953125,288150000.0,^DJI
2023-02-13,33887.390625,34249.6015625,33887.390625,34245.9296875,34245.9296875,302600000.0,^DJI
2023-02-14,34194.08984375,34331.46875,33827.44921875,34089.26953125,34089.26953125,288820000.0,^DJI
2023-02-15,34008.62890625,34130.48828125,33833.1015625,34128.05078125,34128.05078125,267530000.0,^DJI
2023-02-16,33992.08984375,34041.16015625,33686.58984375,33696.8515625,33696.8515625,317530000.0,^DJI
2023-02-17,33677.01171875,33846.640625,33517.73046875,33826.69140625,33826.69140625,302900000.0,^DJI
2023-02-21,33699.69140625,33699.69140625,33115.73828125,33129.58984375,33129.58984375,348320000.0,^DJI
2023-02-22,33169.328125,33245.96875,32948.26953125,33045.08984375,33045.08984375,321910000.0,^DJI
2023-02-23,33175.390625,33272.3984375,32795.671875,33153.91015625,33153.91015625,288120000.0,^DJI
2023-02-24,32999.19140625,32999.19140625,32643.48046875,32816.921875,32816.921875,277120000.0,^DJI
2023-02-27,32906.16015625,33189.28125,32814.1796875,32889.08984375,32889.08984375,243660000.0,^DJI
2023-02-28,32873.46875,32873.46875,32636.4296875,32656.69921875,32656.69921875,303760000.0,^DJI
2023-03-01,32656.369140625,32746.150390625,32500.7109375,32661.83984375,32661.83984375,292810000.0,^DJI
2023-03-02,32780.96875,33083.44921875,32665.849609375,33003.5703125,33003.5703125,317450000.0,^DJI
2023-03-03,33076.328125,33405.8203125,33008.41015625,33390.96875,33390.96875,300050000.0,^DJI
2023-03-06,33425.3203125,33572.21875,33383.46875,33431.44140625,33431.44140625,329190000.0,^DJI
2023-03-07,33428.30859375,33453.25,32838.2109375,32856.4609375,32856.4609375,299400000.0,^DJI
2023-03-08,32872.078125,32903.44140625,32612.69921875,32798.3984375,32798.3984375,242750000.0,^DJI
2023-03-09,32876.828125,32990.4609375,32190.599609375,32254.859375,32254.859375,315860000.0,^DJI
2023-03-10,32185.140625,32422.099609375,31783.41015625,31909.640625,31909.640625,397790000.0,^DJI
2023-03-13,31819.9296875,32240.349609375,31624.869140625,31819.140625,31819.140625,429090000.0,^DJI
2023-03-14,32055.2890625,32306.58984375,31805.400390625,32155.400390625,32155.400390625,391760000.0,^DJI
2023-03-15,31759.869140625,31906.470703125,31429.8203125,31874.5703125,31874.5703125,420910000.0,^DJI
2023-03-16,31827.650390625,32281.609375,31571.4609375,32246.55078125,32246.55078125,440940000.0,^DJI
2023-03-17,32217.3203125,32217.3203125,31728.69921875,31861.98046875,31861.98046875,712100000.0,^DJI
2023-03-20,31872.330078125,32280.0703125,31872.330078125,32244.580078125,32244.580078125,357210000.0,^DJI
2023-03-21,32420.7109375,32593.6796875,32346.119140625,32560.599609375,32560.599609375,363190000.0,^DJI
2023-03-22,32570.189453125,32761.890625,32020.4609375,32030.109375,32030.109375,325990000.0,^DJI
2023-03-23,32101.490234375,32511.490234375,31864.740234375,32105.25,32105.25,335430000.0,^DJI
2023-03-24,32038.220703125,32257.240234375,31805.1796875,32237.529296875,32237.529296875,317070000.0,^DJI
2023-03-27,32276.720703125,32564.0,32276.720703125,32432.080078125,32432.080078125,291560000.0,^DJI
2023-03-28,32434.849609375,32551.009765625,32295.5,32394.25,32394.25,248560000.0,^DJI
2023-03-29,32566.5390625,32728.0390625,32539.939453125,32717.599609375,32717.599609375,314110000.0,^DJI
2023-03-30,32807.4296875,32905.80078125,32682.869140625,32859.03125,32859.03125,283380000.0,^DJI
2023-03-31,32901.9609375,33291.0,32901.9609375,33274.1484375,33274.1484375,353740000.0,^DJI
2023-04-03,33245.78125,33632.8984375,33245.78125,33601.1484375,33601.1484375,311890000.0,^DJI
2023-04-04,33594.7890625,33634.71875,33275.62109375,33402.37890625,33402.37890625,283360000.0,^DJI
2023-04-05,33394.6015625,33543.83984375,33376.26953125,33482.71875,33482.71875,286660000.0,^DJI
2023-04-06,33420.9609375,33525.9609375,33325.37109375,33485.2890625,33485.2890625,258680000.0,^DJI
2023-04-10,33425.25,33590.23828125,33343.4296875,33586.51953125,33586.51953125,232920000.0,^DJI
2023-04-11,33586.75,33781.2890625,33586.75,33684.7890625,33684.7890625,241430000.0,^DJI
2023-04-12,33764.2109375,33895.4296875,33593.3203125,33646.5,33646.5,260300000.0,^DJI
2023-04-13,33668.96875,34054.98828125,33605.171875,34029.69140625,34029.69140625,277230000.0,^DJI
2023-04-14,33981.7109375,34082.94140625,33730.8515625,33886.46875,33886.46875,276720000.0,^DJI
2023-04-17,33930.4609375,33991.23046875,33796.91015625,33987.1796875,33987.1796875,234530000.0,^DJI
2023-04-18,33965.16015625,34018.62109375,33791.890625,33976.62890625,33976.62890625,253570000.0,^DJI
2023-04-19,33889.828125,33957.98046875,33814.6484375,33897.01171875,33897.01171875,251490000.0,^DJI
2023-04-20,33740.6015625,33875.390625,33677.73828125,33786.62109375,33786.62109375,307910000.0,^DJI
2023-04-21,33793.6015625,33858.828125,33688.5703125,33808.9609375,33808.9609375,291080000.0,^DJI
2023-04-24,33805.0390625,33891.1484375,33726.08984375,33875.3984375,33875.3984375,252020000.0,^DJI
2023-04-25,33828.33984375,33875.48828125,33525.390625,33530.828125,33530.828125,297880000.0,^DJI
2023-04-26,33596.33984375,33645.828125,33235.8515625,33301.87109375,33301.87109375,321170000.0,^DJI
2023-04-27,33381.66015625,33859.75,33374.6484375,33826.16015625,33826.16015625,343240000.0,^DJI
2023-04-28,33797.4296875,34104.55859375,33728.3984375,34098.16015625,34098.16015625,354310000.0,^DJI
2023-05-01,34116.80859375,34257.828125,34030.140625,34051.69921875,34051.69921875,244190000.0,^DJI
2023-05-02,34017.62109375,34017.75,33436.66015625,33684.53125,33684.53125,274460000.0,^DJI
2023-05-03,33726.640625,33811.83984375,33396.05078125,33414.23828125,33414.23828125,286900000.0,^DJI
2023-05-04,33347.78125,33354.859375,32937.5,33127.73828125,33127.73828125,305160000.0,^DJI
2023-05-05,33248.55078125,33748.4296875,33248.55078125,33674.37890625,33674.37890625,316350000.0,^DJI
2023-05-08,33715.1484375,33747.48828125,33509.23046875,33618.69140625,33618.69140625,225680000.0,^DJI
2023-05-09,33589.8515625,33656.3984375,33509.71875,33561.80859375,33561.80859375,232940000.0,^DJI
2023-05-10,33707.19921875,33772.08984375,33239.44921875,33531.328125,33531.328125,271180000.0,^DJI
2023-05-11,33383.890625,33389.87890625,33127.69921875,33309.51171875,33309.51171875,298000000.0,^DJI
2023-05-12,33370.578125,33406.3984375,33110.609375,33300.62109375,33300.62109375,227570000.0,^DJI
2023-05-15,33321.2109375,33400.30078125,33161.9296875,33348.6015625,33348.6015625,224020000.0,^DJI
2023-05-16,33275.37109375,33290.8515625,33006.19140625,33012.140625,33012.140625,246680000.0,^DJI
2023-05-17,33092.48046875,33472.37890625,33050.41015625,33420.76953125,33420.76953125,307130000.0,^DJI
2023-05-18,33374.55859375,33579.91015625,33212.08984375,33535.91015625,33535.91015625,333070000.0,^DJI
2023-05-19,33582.94921875,33652.8984375,33336.66015625,33426.62890625,33426.62890625,315210000.0,^DJI
2023-05-22,33408.5390625,33512.30078125,33207.8515625,33286.578125,33286.578125,268900000.0,^DJI
2023-05-23,33190.6015625,33310.171875,33013.2890625,33055.51171875,33055.51171875,291550000.0,^DJI
2023-05-24,33021.76171875,33031.75,32752.439453125,32799.921875,32799.921875,246180000.0,^DJI
2023-05-25,32854.26171875,32870.4296875,32586.560546875,32764.650390625,32764.650390625,364670000.0,^DJI
2023-05-26,32795.5,33162.05859375,32795.5,33093.33984375,33093.33984375,330290000.0,^DJI
2023-05-30,33103.6484375,33132.69921875,32893.96875,33042.78125,33042.78125,322700000.0,^DJI
2023-05-31,32948.7109375,32984.828125,32739.73046875,32908.26953125,32908.26953125,689990000.0,^DJI
2023-06-01,32929.8515625,33167.75,32704.509765625,33061.5703125,33061.5703125,349460000.0,^DJI
2023-06-02,33187.578125,33805.0,33187.578125,33762.76171875,33762.76171875,383590000.0,^DJI
2023-06-05,33771.12890625,33804.21875,33552.7890625,33562.859375,33562.859375,367170000.0,^DJI
2023-06-06,33547.671875,33631.25,33399.69140625,33573.28125,33573.28125,294070000.0,^DJI
2023-06-07,33562.46875,33708.78125,33546.109375,33665.01953125,33665.01953125,347400000.0,^DJI
2023-06-08,33656.98046875,33873.80859375,33630.0390625,33833.609375,33833.609375,269160000.0,^DJI
2023-06-09,33852.44140625,33975.3203125,33787.16015625,33876.78125,33876.78125,262310000.0,^DJI
2023-06-12,33906.80078125,34077.83984375,33878.4609375,34066.328125,34066.328125,308130000.0,^DJI
2023-06-13,34111.078125,34310.28125,34107.98046875,34212.12109375,34212.12109375,308790000.0,^DJI
2023-06-14,34044.69921875,34151.421875,33783.55078125,33979.328125,33979.328125,354910000.0,^DJI
2023-06-15,33945.98046875,34488.98046875,33945.98046875,34408.05859375,34408.05859375,361400000.0,^DJI
2023-06-16,34464.01953125,34588.6796875,34285.69140625,34299.12109375,34299.12109375,595230000.0,^DJI
2023-06-20,34206.66015625,34206.66015625,33915.9296875,34053.87109375,34053.87109375,334810000.0,^DJI
2023-06-21,33990.55859375,34097.9296875,33876.171875,33951.51953125,33951.51953125,323690000.0,^DJI
2023-06-22,33900.46875,34003.55859375,33835.390625,33946.7109375,33946.7109375,275600000.0,^DJI
2023-06-23,33835.66015625,33835.66015625,33646.48828125,33727.4296875,33727.4296875,379800000.0,^DJI
2023-06-26,33730.7890625,33819.48828125,33610.3203125,33714.7109375,33714.7109375,265330000.0,^DJI
2023-06-27,33739.03125,33975.6484375,33730.390625,33926.73828125,33926.73828125,293210000.0,^DJI
2023-06-28,33881.37890625,33903.76171875,33755.921875,33852.66015625,33852.66015625,268050000.0,^DJI
2023-06-29,33854.5703125,34147.6796875,33828.62890625,34122.421875,34122.421875,279940000.0,^DJI
2023-06-30,34269.921875,34467.3515625,34269.921875,34407.6015625,34407.6015625,351060000.0,^DJI
2023-07-03,34369.78125,34465.6015625,34286.5390625,34418.46875,34418.46875,157590000.0,^DJI
2023-07-05,34344.71875,34376.109375,34226.98046875,34288.640625,34288.640625,274570000.0,^DJI
2023-07-06,34171.390625,34171.390625,33771.46875,33922.26171875,33922.26171875,293840000.0,^DJI
2023-07-07,33837.0703125,34036.37890625,33716.75,33734.87890625,33734.87890625,272730000.0,^DJI
2023-07-10,33705.6796875,33958.359375,33705.6796875,33944.3984375,33944.3984375,299200000.0,^DJI
2023-07-11,34056.94140625,34288.87109375,33993.01171875,34261.421875,34261.421875,278940000.0,^DJI
2023-07-12,34395.28125,34586.94140625,34308.78125,34347.4296875,34347.4296875,331410000.0,^DJI
2023-07-13,34412.30859375,34482.26171875,34365.328125,34395.140625,34395.140625,267180000.0,^DJI
2023-07-14,34425.328125,34592.26171875,34425.328125,34509.03125,34509.03125,293540000.0,^DJI
2023-07-17,34499.73828125,34665.1484375,34418.71875,34585.3515625,34585.3515625,359780000.0,^DJI
2023-07-18,34597.078125,34986.359375,34530.609375,34951.9296875,34951.9296875,385940000.0,^DJI
2023-07-19,34991.2109375,35234.05078125,34991.2109375,35061.2109375,35061.2109375,365130000.0,^DJI
2023-07-20,35091.98046875,35372.76953125,35091.98046875,35225.1796875,35225.1796875,340880000.0,^DJI
2023-07-21,35274.3203125,35340.66015625,35186.05078125,35227.69140625,35227.69140625,465270000.0,^DJI
2023-07-24,35230.7890625,35463.96875,35230.7890625,35411.23828125,35411.23828125,284460000.0,^DJI
2023-07-25,35421.48828125,35527.5703125,35365.26171875,35438.0703125,35438.0703125,299530000.0,^DJI
2023-07-26,35345.98828125,35633.609375,35306.26953125,35520.12109375,35520.12109375,346240000.0,^DJI
2023-07-27,35558.7890625,35645.3515625,35216.578125,35282.71875,35282.71875,352230000.0,^DJI
2023-07-28,35443.48828125,35565.51171875,35355.1484375,35459.2890625,35459.2890625,369000000.0,^DJI
2023-07-31,35465.96875,35566.94921875,35430.21875,35559.53125,35559.53125,327410000.0,^DJI
2023-08-01,35585.98828125,35679.12890625,35526.609375,35630.6796875,35630.6796875,259490000.0,^DJI
2023-08-02,35551.921875,35551.921875,35226.26171875,35282.51953125,35282.51953125,298570000.0,^DJI
2023-08-03,35194.55859375,35348.19921875,35122.3203125,35215.890625,35215.890625,254960000.0,^DJI
2023-08-04,35230.12890625,35506.87890625,35033.76171875,35065.62109375,35065.62109375,338290000.0,^DJI
2023-08-07,35125.6015625,35497.37890625,35125.6015625,35473.12890625,35473.12890625,300150000.0,^DJI
2023-08-08,35345.3984375,35346.640625,35007.41015625,35314.48828125,35314.48828125,303840000.0,^DJI
2023-08-09,35324.28125,35370.890625,35058.73046875,35123.359375,35123.359375,306680000.0,^DJI
2023-08-10,35231.5390625,35578.578125,35107.6015625,35176.1484375,35176.1484375,337110000.0,^DJI
2023-08-11,35111.359375,35354.6015625,35059.98828125,35281.3984375,35281.3984375,277840000.0,^DJI
2023-08-14,35273.890625,35335.44921875,35169.96875,35307.62890625,35307.62890625,300250000.0,^DJI
2023-08-15,35219.37109375,35219.37109375,34908.5,34946.390625,34946.390625,323920000.0,^DJI
2023-08-16,34914.9609375,35133.55859375,34757.37109375,34765.73828125,34765.73828125,332310000.0,^DJI
2023-08-17,34829.609375,34888.48046875,34440.73046875,34474.828125,34474.828125,392850000.0,^DJI
2023-08-18,34368.359375,34587.0703125,34263.19140625,34500.66015625,34500.66015625,320680000.0,^DJI
2023-08-21,34531.28125,34570.9609375,34248.4609375,34463.69140625,34463.69140625,396490000.0,^DJI
2023-08-22,34494.171875,34514.0390625,34256.83984375,34288.828125,34288.828125,279200000.0,^DJI
2023-08-23,34338.58984375,34534.71875,34321.0,34472.98046875,34472.98046875,360610000.0,^DJI
2023-08-24,34439.828125,34694.6796875,34093.6484375,34099.421875,34099.421875,342520000.0,^DJI
2023-08-25,34217.05859375,34441.91015625,34029.21875,34346.8984375,34346.8984375,257440000.0,^DJI
2023-08-28,34441.640625,34652.91015625,34441.640625,34559.98046875,34559.98046875,224640000.0,^DJI
2023-08-29,34531.12109375,34864.421875,34531.12109375,34852.671875,34852.671875,262550000.0,^DJI
2023-08-30,34847.80078125,35025.5703125,34811.73828125,34890.23828125,34890.23828125,236070000.0,^DJI
2023-08-31,34909.08984375,35070.2109375,34719.76953125,34721.91015625,34721.91015625,341900000.0,^DJI
2023-09-01,34876.23828125,34979.1796875,34720.69921875,34837.7109375,34837.7109375,286370000.0,^DJI
2023-09-05,34843.21875,34871.26171875,34635.62890625,34641.96875,34641.96875,283540000.0,^DJI
2023-09-06,34611.6796875,34611.6796875,34291.55859375,34443.19140625,34443.19140625,308900000.0,^DJI
2023-09-07,34351.1796875,34560.859375,34351.1796875,34500.73046875,34500.73046875,386980000.0,^DJI
2023-09-08,34487.41015625,34627.8515625,34473.5703125,34576.58984375,34576.58984375,293990000.0,^DJI
2023-09-11,34650.01171875,34784.51953125,34578.58984375,34663.71875,34663.71875,291720000.0,^DJI
2023-09-12,34620.01953125,34852.609375,34560.55078125,34645.98828125,34645.98828125,318670000.0,^DJI
2023-09-13,34667.28125,34767.109375,34509.94921875,34575.53125,34575.53125,295480000.0,^DJI
2023-09-14,34687.5,34977.96875,34687.5,34907.109375,34907.109375,305180000.0,^DJI
2023-09-15,34902.0390625,34902.0390625,34572.26953125,34618.23828125,34618.23828125,582160000.0,^DJI
2023-09-18,34612.2890625,34725.05859375,34545.3515625,34624.30078125,34624.30078125,252700000.0,^DJI
2023-09-19,34571.83984375,34597.55859375,34311.69140625,34517.73046875,34517.73046875,282830000.0,^DJI
2023-09-20,34575.5,34776.28125,34434.2890625,34440.87890625,34440.87890625,291650000.0,^DJI
2023-09-21,34332.23046875,34378.30078125,34058.71875,34070.421875,34070.421875,331930000.0,^DJI
2023-09-22,34077.078125,34156.1484375,33947.23828125,33963.83984375,33963.83984375,268760000.0,^DJI
2023-09-25,33907.58984375,34017.53125,33780.671875,34006.87890625,34006.87890625,229450000.0,^DJI
2023-09-26,33862.6796875,33879.9296875,33569.6015625,33618.87890625,33618.87890625,280100000.0,^DJI
2023-09-27,33682.80859375,33731.6484375,33306.30078125,33550.26953125,33550.26953125,300330000.0,^DJI
2023-09-28,33519.44140625,33777.8984375,33473.5,33666.33984375,33666.33984375,275610000.0,^DJI
2023-09-29,33882.609375,33893.6796875,33407.44921875,33507.5,33507.5,319830000.0,^DJI
2023-10-02,33455.5,33511.91015625,33219.55859375,33433.3515625,33433.3515625,275630000.0,^DJI
2023-10-03,33318.83984375,33398.5390625,32916.19921875,33002.37890625,33002.37890625,293450000.0,^DJI
2023-10-04,33034.1796875,33156.44921875,32873.23046875,33129.55078125,33129.55078125,287030000.0,^DJI
2023-10-05,33099.23046875,33174.37890625,32941.55859375,33119.5703125,33119.5703125,277250000.0,^DJI
2023-10-06,33040.69921875,33557.69140625,32846.94140625,33407.578125,33407.578125,332990000.0,^DJI
2023-10-09,33259.83984375,33631.80859375,33253.69140625,33604.6484375,33604.6484375,228760000.0,^DJI
2023-10-10,33683.41015625,33898.21875,33604.3203125,33739.30078125,33739.30078125,255640000.0,^DJI
2023-10-11,33822.19921875,33882.55078125,33612.25,33804.87109375,33804.87109375,256560000.0,^DJI
2023-10-12,33845.6484375,33863.80078125,33455.6015625,33631.140625,33631.140625,289160000.0,^DJI
2023-10-13,33733.33984375,33957.71875,33551.578125,33670.2890625,33670.2890625,306340000.0,^DJI
2023-10-16,33832.421875,34088.98046875,33832.421875,33984.5390625,33984.5390625,270060000.0,^DJI
2023-10-17,33869.83984375,34147.62890625,33854.69921875,33997.6484375,33997.6484375,281010000.0,^DJI
2023-10-18,33960.25,33991.51171875,33598.640625,33665.078125,33665.078125,285410000.0,^DJI
2023-10-19,33669.51953125,33852.390625,33368.578125,33414.171875,33414.171875,304320000.0,^DJI
2023-10-20,33365.26953125,33425.76953125,33118.12109375,33127.28125,33127.28125,325530000.0,^DJI
2023-10-23,32993.01953125,33234.8515625,32892.19140625,32936.41015625,32936.41015625,342500000.0,^DJI
2023-10-24,33089.640625,33272.19140625,32988.4296875,33141.37890625,33141.37890625,359230000.0,^DJI
2023-10-25,33203.53125,33267.91015625,32989.71875,33035.9296875,33035.9296875,355690000.0,^DJI
2023-10-26,33017.171875,33105.03125,32743.990234375,32784.30078125,32784.30078125,379880000.0,^DJI
2023-10-27,32782.3984375,32787.55859375,32327.19921875,32417.58984375,32417.58984375,376970000.0,^DJI
2023-10-30,32537.5390625,33002.96875,32537.5390625,32928.9609375,32928.9609375,298640000.0,^DJI
2023-10-31,33029.109375,33070.28125,32787.12109375,33052.87109375,33052.87109375,306950000.0,^DJI
2023-11-01,33081.87109375,33337.1484375,33010.8515625,33274.578125,33274.578125,307570000.0,^DJI
2023-11-02,33457.8203125,33852.9609375,33450.03125,33839.078125,33839.078125,304350000.0,^DJI
2023-11-03,33988.828125,34163.62890625,33946.6015625,34061.3203125,34061.3203125,311000000.0,^DJI
2023-11-06,34092.609375,34167.26171875,33989.71875,34095.859375,34095.859375,265570000.0,^DJI
2023-11-07,34075.6484375,34206.98046875,34026.71875,34152.6015625,34152.6015625,281790000.0,^DJI
2023-11-08,34185.921875,34252.75,33996.19921875,34112.26953125,34112.26953125,280330000.0,^DJI
2023-11-09,34163.7109375,34167.5390625,33859.76953125,33891.94140625,33891.94140625,325400000.0,^DJI
2023-11-10,34020.8203125,34310.359375,33905.62109375,34283.1015625,34283.1015625,302460000.0,^DJI
2023-11-13,34259.25,34405.83984375,34205.80859375,34337.87109375,34337.87109375,245090000.0,^DJI
2023-11-14,34581.19921875,34931.01171875,34581.19921875,34827.69921875,34827.69921875,328050000.0,^DJI
2023-11-15,34906.71875,35051.1015625,34868.48046875,34991.2109375,34991.2109375,347790000.0,^DJI
2023-11-16,34868.03125,35022.4609375,34818.03125,34945.46875,34945.46875,435540000.0,^DJI
2023-11-17,34964.8203125,35028.21875,34882.8203125,34947.28125,34947.28125,334820000.0,^DJI
2023-11-20,34932.48828125,35227.48046875,34907.98046875,35151.0390625,35151.0390625,331050000.0,^DJI
2023-11-21,35104.83984375,35118.0390625,35038.44140625,35088.2890625,35088.2890625,271120000.0,^DJI
2023-11-22,35189.328125,35315.19921875,35155.80078125,35273.03125,35273.03125,237290000.0,^DJI
2023-11-24,35299.8984375,35399.44140625,35299.8984375,35390.1484375,35390.1484375,117040000.0,^DJI
2023-11-27,35376.44140625,35410.37109375,35280.5703125,35333.46875,35333.46875,258340000.0,^DJI
2023-11-28,35332.12890625,35518.671875,35307.73046875,35416.98046875,35416.98046875,256210000.0,^DJI
2023-11-29,35436.80078125,35579.12890625,35405.890625,35430.421875,35430.421875,299330000.0,^DJI
2023-11-30,35596.5703125,35970.69921875,35592.21875,35950.890625,35950.890625,435540000.0,^DJI
2023-12-01,35914.44921875,36264.8515625,35914.44921875,36245.5,36245.5,321840000.0,^DJI
2023-12-04,36089.37890625,36238.1796875,36029.69140625,36204.44140625,36204.44140625,329450000.0,^DJI
2023-12-05,36135.6484375,36164.6796875,36010.8515625,36124.55859375,36124.55859375,309250000.0,^DJI
2023-12-06,36183.73046875,36292.578125,36024.25,36054.4296875,36054.4296875,283240000.0,^DJI
2023-12-07,36124.171875,36164.171875,36021.94921875,36117.37890625,36117.37890625,287280000.0,^DJI
2023-12-08,36084.8203125,36296.19921875,36061.640625,36247.87109375,36247.87109375,295180000.0,^DJI
2023-12-11,36254.328125,36416.1796875,36231.19140625,36404.9296875,36404.9296875,342490000.0,^DJI
2023-12-12,36442.1015625,36596.109375,36373.21875,36577.94140625,36577.94140625,292770000.0,^DJI
2023-12-13,36601.80078125,37094.8515625,36523.58984375,37090.23828125,37090.23828125,354790000.0,^DJI
2023-12-14,37115.62890625,37287.5,37051.51953125,37248.3515625,37248.3515625,455820000.0,^DJI
2023-12-15,37194.5,37347.6015625,37092.01953125,37305.16015625,37305.16015625,788160000.0,^DJI
2023-12-18,37330.140625,37393.44921875,37284.8515625,37306.01953125,37306.01953125,292120000.0,^DJI
2023-12-19,37311.8203125,37562.828125,37311.8203125,37557.921875,37557.921875,272740000.0,^DJI
2023-12-20,37520.12890625,37641.30078125,37073.0390625,37082.0,37082.0,303450000.0,^DJI
2023-12-21,37225.3203125,37418.76171875,37127.05078125,37404.3515625,37404.3515625,253120000.0,^DJI
2023-12-22,37349.26953125,37534.51953125,37268.87890625,37385.96875,37385.96875,252970000.0,^DJI
2023-12-26,37405.8984375,37617.98828125,37371.828125,37545.328125,37545.328125,212420000.0,^DJI
2023-12-27,37518.62109375,37683.69921875,37488.6015625,37656.51953125,37656.51953125,245530000.0,^DJI
2023-12-28,37661.51953125,37778.8515625,37650.98046875,37710.1015625,37710.1015625,199550000.0,^DJI
2023-12-29,37701.62890625,37759.4296875,37538.80078125,37689.5390625,37689.5390625,234570000.0,^DJI
2023-01-03,10562.0595703125,10613.0595703125,10309.16015625,10386.98046875,10386.98046875,4780650000.0,^IXIC
2023-01-04,10467.8203125,10515.2197265625,10337.6396484375,10458.759765625,10458.759765625,5085380000.0,^IXIC
2023-01-05,10390.3095703125,10393.2197265625,10295.25,10305.240234375,10305.240234375,4764270000.0,^IXIC
2023-01-06,10363.9599609375,10604.1396484375,10265.0400390625,10569.2900390625,10569.2900390625,5199780000.0,^IXIC
2023-01-09,10662.099609375,10807.259765625,10619.1201171875,10635.650390625,10635.650390625,5132190000.0,^IXIC
2023-01-10,10607.7197265625,10743.669921875,10589.58984375,10742.6298828125,10742.6298828125,4710680000.0,^IXIC
2023-01-11,10794.990234375,10932.4404296875,10762.73046875,10931.669921875,10931.669921875,5284390000.0,^IXIC
2023-01-12,10969.259765625,11027.75,10797.1201171875,11001.099609375,11001.099609375,5681240000.0,^IXIC
2023-01-13,10906.3701171875,11084.009765625,10900.16015625,11079.16015625,11079.16015625,5077990000.0,^IXIC
2023-01-17,11070.0,11145.4404296875,11024.7197265625,11095.1103515625,11095.1103515625,5138410000.0,^IXIC
2023-01-18,11170.9501953125,11223.41015625,10952.0498046875,10957.009765625,10957.009765625,5288630000.0,^IXIC
2023-01-19,10890.400390625,10932.51953125,10804.5703125,10852.26953125,10852.26953125,4660800000.0,^IXIC
2023-01-20,10924.66015625,11143.169921875,10885.650390625,11140.4296875,11140.4296875,5980110000.0,^IXIC
2023-01-23,11171.9404296875,11405.5,11144.0302734375,11364.41015625,11364.41015625,5997810000.0,^IXIC
2023-01-24,11302.9296875,11378.150390625,11282.650390625,11334.26953125,11334.26953125,5670860000.0,^IXIC
2023-01-25,11146.5302734375,11334.2197265625,11069.1796875,11313.3603515625,11313.3603515625,5485570000.0,^IXIC
2023-01-26,11458.400390625,11516.0498046875,11341.1904296875,11512.41015625,11512.41015625,5732890000.0,^IXIC
2023-01-27,11470.4697265625,11691.8896484375,11470.26953125,11621.7099609375,11621.7099609375,6243800000.0,^IXIC
2023-01-30,11512.33984375,11553.3095703125,11388.5400390625,11393.8095703125,11393.8095703125,5122320000.0,^IXIC
2023-01-31,11398.580078125,11586.009765625,11398.3701171875,11584.5498046875,11584.5498046875,5695150000.0,^IXIC
2023-02-01,11573.1396484375,11904.01953125,11500.330078125,11816.3203125,11816.3203125,6336040000.0,^IXIC
2023-02-02,12065.150390625,12269.5498046875,12024.1396484375,12200.8203125,12200.8203125,7038210000.0,^IXIC
2023-02-03,11946.8603515625,12231.3095703125,11946.8603515625,12006.9501953125,12006.9501953125,5954490000.0,^IXIC
2023-02-06,11904.41015625,11973.41015625,11843.490234375,11887.4501953125,11887.4501953125,5538350000.0,^IXIC
2023-02-07,11891.25,12150.2197265625,11836.7802734375,12113.7900390625,12113.7900390625,5720240000.0,^IXIC
2023-02-08,12069.1201171875,12096.3896484375,11890.08984375,11910.51953125,11910.51953125,5052870000.0,^IXIC
2023-02-09,12069.099609375,12070.9599609375,11745.1103515625,11789.580078125,11789.580078125,5536290000.0,^IXIC
2023-02-10,11714.599609375,11775.7998046875,11630.5400390625,11718.1201171875,11718.1201171875,4885030000.0,^IXIC
2023-02-13,11759.08984375,11910.919921875,11719.73046875,11891.7900390625,11891.7900390625,4752880000.0,^IXIC
2023-02-14,11808.2001953125,11999.849609375,11760.5595703125,11960.150390625,11960.150390625,5032430000.0,^IXIC
2023-02-15,11905.1201171875,12071.2900390625,11876.8203125,12070.58984375,12070.58984375,5056640000.0,^IXIC
2023-02-16,11896.3095703125,12040.33984375,11853.3603515625,11855.830078125,11855.830078125,5159410000.0,^IXIC
2023-02-17,11777.5,11803.2197265625,11673.2099609375,11787.26953125,11787.26953125,4925230000.0,^IXIC
2023-02-21,11640.3701171875,11684.1396484375,11491.1796875,11492.2998046875,11492.2998046875,5002540000.0,^IXIC
2023-02-22,11517.2001953125,11582.51953125,11445.169921875,11507.0703125,11507.0703125,4671270000.0,^IXIC
2023-02-23,11636.9296875,11638.98046875,11432.580078125,11590.400390625,11590.400390625,4714580000.0,^IXIC
2023-02-24,11404.1796875,11434.3603515625,11334.4697265625,11394.9404296875,11394.9404296875,4432650000.0,^IXIC
2023-02-27,11517.1904296875,11565.23046875,11444.599609375,11466.98046875,11466.98046875,4494000000.0,^IXIC
2023-02-28,11451.0498046875,11548.23046875,11435.3896484375,11455.5400390625,11455.5400390625,5340950000.0,^IXIC
2023-03-01,11447.580078125,11479.0,11349.8701171875,11379.48046875,11379.48046875,4927530000.0,^IXIC
2023-03-02,11273.76953125,11487.58984375,11273.6103515625,11462.98046875,11462.98046875,5313760000.0,^IXIC
2023-03-03,11524.650390625,11699.6298828125,11514.740234375,11689.009765625,11689.009765625,5102210000.0,^IXIC
2023-03-06,11736.8701171875,11827.919921875,11667.48046875,11675.740234375,11675.740234375,4982880000.0,^IXIC
2023-03-07,11670.98046875,11705.9599609375,11512.0302734375,11530.330078125,11530.330078125,5422820000.0,^IXIC
2023-03-08,11553.08984375,11601.23046875,11487.75,11576.0,11576.0,5085970000.0,^IXIC
2023-03-09,11578.3095703125,11667.1201171875,11319.98046875,11338.349609375,11338.349609375,5061790000.0,^IXIC
2023-03-10,11325.3603515625,11373.8095703125,11093.8603515625,11138.8896484375,11138.8896484375,6193500000.0,^IXIC
2023-03-13,11041.4599609375,11326.73046875,10982.7998046875,11188.83984375,11188.83984375,6201490000.0,^IXIC
2023-03-14,11357.73046875,11467.01953125,11284.9296875,11428.150390625,11428.150390625,5533120000.0,^IXIC
2023-03-15,11291.169921875,11447.900390625,11238.4404296875,11434.0498046875,11434.0498046875,5912430000.0,^IXIC
2023-03-16,11384.8701171875,11733.7998046875,11365.490234375,11717.2802734375,11717.2802734375,5498920000.0,^IXIC
2023-03-17,11696.33984375,11773.1103515625,11562.6298828125,11630.509765625,11630.509765625,7903090000.0,^IXIC
2023-03-20,11614.3896484375,11695.5498046875,11550.6904296875,11675.5400390625,11675.5400390625,4970630000.0,^IXIC
2023-03-21,11764.7900390625,11879.16015625,11724.91015625,11860.1103515625,11860.1103515625,4829870000.0,^IXIC
2023-03-22,11857.5,12013.990234375,11666.849609375,11669.9599609375,11669.9599609375,4981590000.0,^IXIC
2023-03-23,11811.3203125,11962.6904296875,11684.51953125,11787.400390625,11787.400390625,4917460000.0,^IXIC
2023-03-24,11747.6201171875,11826.23046875,11670.669921875,11823.9599609375,11823.9599609375,4363650000.0,^IXIC
2023-03-27,11868.5400390625,11903.2099609375,11739.0498046875,11768.83984375,11768.83984375,4330320000.0,^IXIC
2023-03-28,11752.759765625,11752.759765625,11635.0302734375,11716.080078125,11716.080078125,4036910000.0,^IXIC
2023-03-29,11855.58984375,11941.599609375,11823.349609375,11926.240234375,11926.240234375,4493540000.0,^IXIC
2023-03-30,12010.4501953125,12044.7900390625,11953.3701171875,12013.4697265625,12013.4697265625,4738880000.0,^IXIC
2023-03-31,12031.5400390625,12227.9296875,12030.4404296875,12221.91015625,12221.91015625,5521150000.0,^IXIC
2023-04-03,12146.08984375,12196.33984375,12086.51953125,12189.4501953125,12189.4501953125,4816440000.0,^IXIC
2023-04-04,12208.490234375,12224.6796875,12081.8095703125,12126.330078125,12126.330078125,4298760000.0,^IXIC
2023-04-05,12081.759765625,12086.75,11931.849609375,11996.8603515625,11996.8603515625,4378590000.0,^IXIC
2023-04-06,11939.080078125,12098.5,11898.3603515625,12087.9599609375,12087.9599609375,3862800000.0,^IXIC
2023-04-10,11975.1298828125,12084.9501953125,11924.2001953125,12084.3603515625,12084.3603515625,4334070000.0,^IXIC
2023-04-11,12080.240234375,12091.26953125,12011.400390625,12031.8798828125,12031.8798828125,4676960000.0,^IXIC
2023-04-12,12110.8701171875,12134.5,11916.5400390625,11929.33984375,11929.33984375,4909770000.0,^IXIC
2023-04-13,11997.419921875,12178.7998046875,11995.9404296875,12166.26953125,12166.26953125,4942990000.0,^IXIC
2023-04-14,12117.91015625,12205.7197265625,12026.5498046875,12123.4697265625,12123.4697265625,4655740000.0,^IXIC
2023-04-17,12108.23046875,12159.01953125,12064.099609375,12157.7197265625,12157.7197265625,4823180000.0,^IXIC
2023-04-18,12234.5595703125,12245.4296875,12110.23046875,12153.41015625,12153.41015625,4851810000.0,^IXIC
2023-04-19,12063.6796875,12191.099609375,12060.169921875,12157.23046875,12157.23046875,4972700000.0,^IXIC
2023-04-20,12039.080078125,12155.9599609375,12011.9501953125,12059.5595703125,12059.5595703125,4590530000.0,^IXIC
2023-04-21,12046.0302734375,12097.150390625,11986.8203125,12072.4599609375,12072.4599609375,4868050000.0,^IXIC
2023-04-24,12053.4697265625,12103.580078125,11960.2998046875,12037.2001953125,12037.2001953125,4854050000.0,^IXIC
2023-04-25,11968.8095703125,11990.4599609375,11798.76953125,11799.16015625,11799.16015625,4806020000.0,^IXIC
2023-04-26,11913.23046875,11967.990234375,11833.0703125,11854.349609375,11854.349609375,5281970000.0,^IXIC
2023-04-27,11972.150390625,12154.009765625,11950.919921875,12142.240234375,12142.240234375,5253710000.0,^IXIC
2023-04-28,12117.5400390625,12227.7197265625,12082.5703125,12226.580078125,12226.580078125,5331380000.0,^IXIC
2023-05-01,12210.0498046875,12261.3203125,12181.080078125,12212.599609375,12212.599609375,5168430000.0,^IXIC
2023-05-02,12198.01953125,12206.580078125,12015.23046875,12080.509765625,12080.509765625,5501410000.0,^IXIC
2023-05-03,12097.0400390625,12212.5498046875,12022.4599609375,12025.330078125,12025.330078125,5782160000.0,^IXIC
2023-05-04,11997.33984375,12033.150390625,11925.3701171875,11966.400390625,11966.400390625,4745780000.0,^IXIC
2023-05-05,12073.0302734375,12264.830078125,12065.7197265625,12235.41015625,12235.41015625,4574790000.0,^IXIC
2023-05-08,12231.6796875,12264.990234375,12178.259765625,12256.919921875,12256.919921875,4216360000.0,^IXIC
2023-05-09,12195.7802734375,12216.1298828125,12174.0595703125,12179.5498046875,12179.5498046875,4126780000.0,^IXIC
2023-05-10,12286.66015625,12337.6904296875,12180.8603515625,12306.4404296875,12306.4404296875,4948260000.0,^IXIC
2023-05-11,12321.259765625,12347.3798828125,12255.4404296875,12328.509765625,12328.509765625,4489490000.0,^IXIC
2023-05-12,12350.51953125,12364.650390625,12209.580078125,12284.740234375,12284.740234375,4170000000.0,^IXIC
2023-05-15,12301.169921875,12376.400390625,12263.349609375,12365.2099609375,12365.2099609375,3979290000.0,^IXIC
2023-05-16,12327.0498046875,12403.8095703125,12324.51953125,12343.0498046875,12343.0498046875,4067510000.0,^IXIC
2023-05-17,12388.580078125,12514.0703125,12335.01953125,12500.5703125,12500.5703125,4501820000.0,^IXIC
2023-05-18,12513.8701171875,12698.5,12512.259765625,12688.83984375,12688.83984375,4532890000.0,^IXIC
2023-05-19,12709.4599609375,12731.73046875,12624.0595703125,12657.900390625,12657.900390625,3935780000.0,^IXIC
2023-05-22,12664.4404296875,12756.23046875,12655.259765625,12720.7802734375,12720.7802734375,4278920000.0,^IXIC
2023-05-23,12652.8798828125,12709.740234375,12554.4296875,12560.25,12560.25,4347440000.0,^IXIC
2023-05-24,12481.8896484375,12529.6298828125,12415.849609375,12484.16015625,12484.16015625,4088270000.0,^IXIC
2023-05-25,12706.4404296875,12736.919921875,12604.8896484375,12698.08984375,12698.08984375,4651640000.0,^IXIC
2023-05-26,12736.419921875,13001.91015625,12729.740234375,12975.6904296875,12975.6904296875,4434070000.0,^IXIC
2023-05-30,13109.099609375,13154.2900390625,12968.1201171875,13017.4296875,13017.4296875,4843470000.0,^IXIC
2023-05-31,12968.3798828125,13029.080078125,12889.3701171875,12935.2900390625,12935.2900390625,5905760000.0,^IXIC
2023-06-01,12944.4599609375,13141.830078125,12903.6298828125,13100.98046875,13100.98046875,4610310000.0,^IXIC
2023-06-02,13190.48046875,13256.2099609375,13125.8603515625,13240.76953125,13240.76953125,4426760000.0,^IXIC
2023-06-05,13238.48046875,13330.650390625,13194.9501953125,13229.4296875,13229.4296875,4344280000.0,^IXIC
2023-06-06,13199.58984375,13306.2099609375,13165.650390625,13276.419921875,13276.419921875,4810910000.0,^IXIC
2023-06-07,13295.259765625,13361.900390625,13089.48046875,13104.900390625,13104.900390625,5270600000.0,^IXIC
2023-06-08,13113.26953125,13248.599609375,13101.1796875,13238.51953125,13238.51953125,4280160000.0,^IXIC
2023-06-09,13312.3896484375,13385.9501953125,13229.330078125,13259.1396484375,13259.1396484375,4412710000.0,^IXIC
2023-06-12,13326.3701171875,13465.91015625,13302.580078125,13461.919921875,13461.919921875,4722680000.0,^IXIC
2023-06-13,13566.5302734375,13594.400390625,13473.1904296875,13573.3203125,13573.3203125,5522100000.0,^IXIC
2023-06-14,13570.5595703125,13661.740234375,13455.990234375,13626.48046875,13626.48046875,5772550000.0,^IXIC
2023-06-15,13572.8798828125,13828.169921875,13561.3701171875,13782.8203125,13782.8203125,5667520000.0,^IXIC
2023-06-16,13859.0703125,13864.0595703125,13680.9501953125,13689.5703125,13689.5703125,8076530000.0,^IXIC
2023-06-20,13642.2900390625,13711.1796875,13561.83984375,13667.2900390625,13667.2900390625,5237710000.0,^IXIC
2023-06-21,13620.8701171875,13638.5703125,13460.9404296875,13502.2001953125,13502.2001953125,5194640000.0,^IXIC
2023-06-22,13443.41015625,13631.849609375,13441.5595703125,13630.6103515625,13630.6103515625,4499550000.0,^IXIC
2023-06-23,13484.099609375,13572.1904296875,13442.650390625,13492.51953125,13492.51953125,7734500000.0,^IXIC
2023-06-26,13468.740234375,13573.5703125,13334.419921875,13335.7802734375,13335.7802734375,4430600000.0,^IXIC
2023-06-27,13389.25,13578.7998046875,13366.9697265625,13555.669921875,13555.669921875,5053660000.0,^IXIC
2023-06-28,13506.01953125,13654.1396484375,13495.73046875,13591.75,13591.75,4533270000.0,^IXIC
2023-06-29,13592.3603515625,13618.5302734375,13540.259765625,13591.330078125,13591.330078125,4388140000.0,^IXIC
2023-06-30,13719.98046875,13816.6796875,13716.16015625,13787.919921875,13787.919921875,4661120000.0,^IXIC
2023-07-03,13798.7001953125,13839.08984375,13773.41015625,13816.76953125,13816.76953125,2902300000.0,^IXIC
2023-07-05,13772.099609375,13844.5,13764.25,13791.650390625,13791.650390625,5339340000.0,^IXIC
2023-07-06,13653.169921875,13689.51953125,13567.25,13679.0400390625,13679.0400390625,6113080000.0,^IXIC
2023-07-07,13668.0703125,13804.509765625,13656.73046875,13660.7197265625,13660.7197265625,5098120000.0,^IXIC
2023-07-10,13645.3701171875,13692.41015625,13584.8701171875,13685.48046875,13685.48046875,5275390000.0,^IXIC
2023-07-11,13709.8095703125,13774.830078125,13643.3203125,13760.7001953125,13760.7001953125,4840950000.0,^IXIC
2023-07-12,13915.6396484375,13963.4501953125,13842.1298828125,13918.9599609375,13918.9599609375,5230620000.0,^IXIC
2023-07-13,14021.150390625,14163.7998046875,14012.240234375,14138.5703125,14138.5703125,5183560000.0,^IXIC
2023-07-14,14166.66015625,14232.1103515625,14081.9599609375,14113.7001953125,14113.7001953125,5366890000.0,^IXIC
2023-07-17,14149.919921875,14274.41015625,14138.009765625,14244.9501953125,14244.9501953125,4593160000.0,^IXIC
2023-07-18,14212.25,14396.6904296875,14176.1103515625,14353.6396484375,14353.6396484375,4824070000.0,^IXIC
2023-07-19,14398.5302734375,14446.5498046875,14317.08984375,14358.01953125,14358.01953125,5112420000.0,^IXIC
2023-07-20,14273.2900390625,14309.919921875,14030.6201171875,14063.3095703125,14063.3095703125,5128020000.0,^IXIC
2023-07-21,14148.1796875,14179.009765625,14020.4501953125,14032.8095703125,14032.8095703125,5254180000.0,^IXIC
2023-07-24,14081.6298828125,14110.150390625,13997.1298828125,14058.8701171875,14058.8701171875,4083070000.0,^IXIC
2023-07-25,14093.240234375,14201.91015625,14092.51953125,14144.5595703125,14144.5595703125,3812470000.0,^IXIC
2023-07-26,14123.51953125,14187.349609375,14041.9501953125,14127.2802734375,14127.2802734375,4322000000.0,^IXIC
2023-07-27,14319.16015625,14360.2001953125,14006.9296875,14050.1103515625,14050.1103515625,5115840000.0,^IXIC
2023-07-28,14199.830078125,14344.349609375,14188.099609375,14316.66015625,14316.66015625,4453520000.0,^IXIC
2023-07-31,14337.900390625,14370.91015625,14292.75,14346.01953125,14346.01953125,4934440000.0,^IXIC
2023-08-01,14274.9296875,14309.2099609375,14215.6396484375,14283.91015625,14283.91015625,4633770000.0,^IXIC
2023-08-02,14132.73046875,14133.849609375,13914.8095703125,13973.4501953125,13973.4501953125,5481960000.0,^IXIC
2023-08-03,13899.759765625,14032.2802734375,13881.349609375,13959.7197265625,13959.7197265625,6036970000.0,^IXIC
2023-08-04,14025.9599609375,14119.2197265625,13897.9296875,13909.240234375,13909.240234375,5349450000.0,^IXIC
2023-08-07,13972.4501953125,13997.150390625,13864.919921875,13994.400390625,13994.400390625,4892330000.0,^IXIC
2023-08-08,13875.4501953125,13899.740234375,13769.33984375,13884.3203125,13884.3203125,5284550000.0,^IXIC
2023-08-09,13897.6103515625,13898.5400390625,13698.3896484375,13722.01953125,13722.01953125,5591360000.0,^IXIC
2023-08-10,13818.25,13947.16015625,13686.509765625,13737.990234375,13737.990234375,5299080000.0,^IXIC
2023-08-11,13633.650390625,13720.330078125,13609.98046875,13644.849609375,13644.849609375,4638880000.0,^IXIC
2023-08-14,13599.0,13789.16015625,13582.490234375,13788.330078125,13788.330078125,4272020000.0,^IXIC
2023-08-15,13760.48046875,13774.98046875,13611.9404296875,13631.0498046875,13631.0498046875,4473320000.0,^IXIC
2023-08-16,13593.169921875,13644.3203125,13473.0302734375,13474.6298828125,13474.6298828125,6243760000.0,^IXIC
2023-08-17,13527.2998046875,13535.08984375,13303.4501953125,13316.9296875,13316.9296875,5280180000.0,^IXIC
2023-08-18,13190.01953125,13335.8701171875,13161.759765625,13290.7802734375,13290.7802734375,4801910000.0,^IXIC
2023-08-21,13347.259765625,13516.8603515625,13325.58984375,13497.58984375,13497.58984375,4363070000.0,^IXIC
2023-08-22,13593.9501953125,13598.76953125,13484.3798828125,13505.8701171875,13505.8701171875,4282430000.0,^IXIC
2023-08-23,13532.4296875,13757.0,13532.4296875,13721.0302734375,13721.0302734375,4127850000.0,^IXIC
2023-08-24,13834.3095703125,13834.6904296875,13462.83984375,13463.9697265625,13463.9697265625,4383820000.0,^IXIC
2023-08-25,13514.3701171875,13633.419921875,13376.349609375,13590.650390625,13590.650390625,3970060000.0,^IXIC
2023-08-28,13695.3603515625,13735.98046875,13626.6396484375,13705.1298828125,13705.1298828125,3666680000.0,^IXIC
2023-08-29,13687.23046875,13959.8095703125,13677.0595703125,13943.759765625,13943.759765625,4748180000.0,^IXIC
2023-08-30,13961.76953125,14050.8203125,13924.2001953125,14019.3095703125,14019.3095703125,4364600000.0,^IXIC
2023-08-31,14041.5400390625,14114.669921875,14010.48046875,14034.9697265625,14034.9697265625,4568610000.0,^IXIC
2023-09-01,14129.9599609375,14149.6201171875,13982.419921875,14031.8095703125,14031.8095703125,4033960000.0,^IXIC
2023-09-05,13994.5400390625,14060.849609375,13945.650390625,14020.9501953125,14020.9501953125,4379790000.0,^IXIC
2023-09-06,13988.8095703125,14001.9501953125,13802.419921875,13872.4697265625,13872.4697265625,4215320000.0,^IXIC
2023-09-07,13675.1103515625,13774.6298828125,13642.4697265625,13748.830078125,13748.830078125,4320830000.0,^IXIC
2023-09-08,13754.7099609375,13843.3701171875,13733.1796875,13761.5302734375,13761.5302734375,4160360000.0,^IXIC
2023-09-11,13884.0302734375,13937.4697265625,13805.1298828125,13917.8896484375,13917.8896484375,4538870000.0,^IXIC
2023-09-12,13858.9404296875,13913.599609375,13763.6904296875,13773.6103515625,13773.6103515625,4595490000.0,^IXIC
2023-09-13,13773.669921875,13868.5703125,13733.8203125,13813.58984375,13813.58984375,4840310000.0,^IXIC
2023-09-14,13889.759765625,13957.5703125,13810.66015625,13926.0498046875,13926.0498046875,4649010000.0,^IXIC
2023-09-15,13889.2001953125,13895.75,13684.240234375,13708.330078125,13708.330078125,8162210000.0,^IXIC
2023-09-18,13669.9599609375,13751.2802734375,13663.4599609375,13710.240234375,13710.240234375,4855880000.0,^IXIC
2023-09-19,13649.4404296875,13705.150390625,13578.8701171875,13678.1904296875,13678.1904296875,4453460000.0,^IXIC
2023-09-20,13710.259765625,13727.8095703125,13467.2802734375,13469.1298828125,13469.1298828125,4782440000.0,^IXIC
2023-09-21,13328.0595703125,13362.23046875,13222.5595703125,13223.98046875,13223.98046875,5014890000.0,^IXIC
2023-09-22,13287.169921875,13353.2197265625,13200.6396484375,13211.8095703125,13211.8095703125,4302700000.0,^IXIC
2023-09-25,13172.5400390625,13277.830078125,13132.0,13271.3203125,13271.3203125,4100290000.0,^IXIC
2023-09-26,13180.9599609375,13199.1298828125,13033.400390625,13063.6103515625,13063.6103515625,4693540000.0,^IXIC
2023-09-27,13115.3603515625,13156.3701171875,12963.16015625,13092.849609375,13092.849609375,4841410000.0,^IXIC
2023-09-28,13043.3701171875,13270.9697265625,13025.1103515625,13201.2802734375,13201.2802734375,4648390000.0,^IXIC
2023-09-29,13337.7099609375,13382.98046875,13177.08984375,13219.3203125,13219.3203125,5138500000.0,^IXIC
2023-10-02,13217.98046875,13364.0302734375,13204.080078125,13307.76953125,13307.76953125,4554700000.0,^IXIC
2023-10-03,13229.6796875,13280.0400390625,13008.599609375,13059.4697265625,13059.4697265625,4684310000.0,^IXIC
2023-10-04,13092.919921875,13258.759765625,13072.509765625,13236.009765625,13236.009765625,4308070000.0,^IXIC
2023-10-05,13228.1201171875,13251.1796875,13087.5703125,13219.830078125,13219.830078125,4167470000.0,^IXIC
2023-10-06,13127.6796875,13472.26953125,13099.0302734375,13431.33984375,13431.33984375,4309420000.0,^IXIC
2023-10-09,13326.2197265625,13509.2998046875,13277.48046875,13484.240234375,13484.240234375,3835930000.0,^IXIC
2023-10-10,13505.8095703125,13659.6298828125,13491.8095703125,13562.83984375,13562.83984375,4301350000.0,^IXIC
2023-10-11,13619.2099609375,13671.1103515625,13549.2900390625,13659.6796875,13659.6796875,4160440000.0,^IXIC
2023-10-12,13672.4697265625,13714.1396484375,13491.5595703125,13574.2197265625,13574.2197265625,4858620000.0,^IXIC
2023-10-13,13613.58984375,13619.5400390625,13361.849609375,13407.23046875,13407.23046875,4251550000.0,^IXIC
2023-10-16,13453.8095703125,13598.0498046875,13447.169921875,13567.98046875,13567.98046875,4308690000.0,^IXIC
2023-10-17,13419.8701171875,13602.25,13364.740234375,13533.75,13533.75,4417640000.0,^IXIC
2023-10-18,13439.6796875,13499.740234375,13275.2998046875,13314.2998046875,13314.2998046875,4617140000.0,^IXIC
2023-10-19,13354.7998046875,13404.73046875,13157.330078125,13186.1796875,13186.1796875,5014790000.0,^IXIC
2023-10-20,13157.76953125,13177.349609375,12977.4296875,12983.8095703125,12983.8095703125,4622840000.0,^IXIC
2023-10-23,12930.849609375,13143.2197265625,12848.830078125,13018.330078125,13018.330078125,4669060000.0,^IXIC
2023-10-24,13084.990234375,13170.3896484375,13022.849609375,13139.8701171875,13139.8701171875,4604720000.0,^IXIC
2023-10-25,13039.8603515625,13042.51953125,12804.2998046875,12821.2197265625,12821.2197265625,4599850000.0,^IXIC
2023-10-26,12768.9697265625,12818.1396484375,12543.8603515625,12595.6103515625,12595.6103515625,4894900000.0,^IXIC
2023-10-27,12718.6904296875,12772.4296875,12600.5703125,12643.009765625,12643.009765625,4172100000.0,^IXIC
2023-10-30,12750.4697265625,12842.9599609375,12691.5595703125,12789.48046875,12789.48046875,4149320000.0,^IXIC
2023-10-31,12786.6201171875,12859.400390625,12697.0400390625,12851.240234375,12851.240234375,4315630000.0,^IXIC
2023-11-01,12887.0595703125,13072.419921875,12875.2001953125,13061.4697265625,13061.4697265625,4545120000.0,^IXIC
2023-11-02,13230.490234375,13302.1796875,13177.6396484375,13294.1904296875,13294.1904296875,4962950000.0,^IXIC
2023-11-03,13362.849609375,13520.2802734375,13344.73046875,13478.2802734375,13478.2802734375,4918750000.0,^IXIC
2023-11-06,13514.080078125,13551.6201171875,13435.990234375,13518.7802734375,13518.7802734375,4345850000.0,^IXIC
2023-11-07,13555.7900390625,13675.4599609375,13516.5595703125,13639.8603515625,13639.8603515625,4354460000.0,^IXIC
2023-11-08,13660.2197265625,13684.8701171875,13573.580078125,13650.41015625,13650.41015625,4685550000.0,^IXIC
2023-11-09,13693.7001953125,13697.8203125,13506.01953125,13521.4501953125,13521.4501953125,5313970000.0,^IXIC
2023-11-10,13571.1904296875,13802.5302734375,13556.349609375,13798.1103515625,13798.1103515625,4722140000.0,^IXIC
2023-11-13,13745.9599609375,13805.1103515625,13687.7802734375,13767.740234375,13767.740234375,4349590000.0,^IXIC
2023-11-14,14015.3701171875,14124.0595703125,14003.1396484375,14094.3798828125,14094.3798828125,5332490000.0,^IXIC
2023-11-15,14147.26953125,14194.3603515625,14060.7001953125,14103.83984375,14103.83984375,5063830000.0,^IXIC
2023-11-16,14066.8798828125,14130.4501953125,14033.7900390625,14113.669921875,14113.669921875,4545180000.0,^IXIC
2023-11-17,14101.4404296875,14154.3203125,14063.9296875,14125.48046875,14125.48046875,4408640000.0,^IXIC
2023-11-20,14134.75,14309.7998046875,14134.2001953125,14284.5302734375,14284.5302734375,4561810000.0,^IXIC
2023-11-21,14217.23046875,14237.5,14146.3095703125,14199.98046875,14199.98046875,4128600000.0,^IXIC
2023-11-22,14283.8203125,14359.6103515625,14226.6298828125,14265.8603515625,14265.8603515625,3855240000.0,^IXIC
2023-11-24,14238.0400390625,14270.2802734375,14214.1298828125,14250.849609375,14250.849609375,2541840000.0,^IXIC
2023-11-27,14239.3095703125,14305.7099609375,14205.240234375,14241.01953125,14241.01953125,4205880000.0,^IXIC
2023-11-28,14224.6298828125,14303.66015625,14195.7197265625,14281.759765625,14281.759765625,4474400000.0,^IXIC
2023-11-29,14367.1103515625,14423.2197265625,14247.8896484375,14258.490234375,14258.490234375,4890220000.0,^IXIC
2023-11-30,14265.0498046875,14289.2001953125,14127.0498046875,14226.2197265625,14226.2197265625,5678070000.0,^IXIC
2023-12-01,14181.349609375,14311.9501953125,14135.0,14305.0302734375,14305.0302734375,5607000000.0,^IXIC
2023-12-04,14168.66015625,14197.51953125,14058.51953125,14185.490234375,14185.490234375,6270020000.0,^IXIC
2023-12-05,14126.400390625,14285.66015625,14121.759765625,14229.91015625,14229.91015625,6179120000.0,^IXIC
2023-12-06,14325.6201171875,14327.6298828125,14138.509765625,14146.7099609375,14146.7099609375,5167030000.0,^IXIC
2023-12-07,14230.4296875,14353.1103515625,14220.8701171875,14339.990234375,14339.990234375,5694310000.0,^IXIC
2023-12-08,14279.4599609375,14416.919921875,14264.9599609375,14403.9697265625,14403.9697265625,5430840000.0,^IXIC
2023-12-11,14340.1298828125,14436.080078125,14324.5703125,14432.490234375,14432.490234375,5607820000.0,^IXIC
2023-12-12,14423.009765625,14533.400390625,14385.3896484375,14533.400390625,14533.400390625,4950100000.0,^IXIC
2023-12-13,14555.6796875,14743.5498046875,14517.51953125,14733.9599609375,14733.9599609375,6732040000.0,^IXIC
2023-12-14,14798.7197265625,14855.6201171875,14642.23046875,14761.5595703125,14761.5595703125,8033170000.0,^IXIC
2023-12-15,14797.4599609375,14848.400390625,14753.16015625,14813.919921875,14813.919921875,8377630000.0,^IXIC
2023-12-18,14814.01953125,14938.0400390625,14811.8203125,14904.8095703125,14904.8095703125,5866080000.0,^IXIC
2023-12-19,14923.01953125,15003.7998046875,14921.599609375,15003.2197265625,15003.2197265625,5757180000.0,^IXIC
2023-12-20,14973.3603515625,15069.2900390625,14776.2900390625,14777.9404296875,14777.9404296875,6294700000.0,^IXIC
2023-12-21,14923.1396484375,14970.8095703125,14837.4697265625,14963.8701171875,14963.8701171875,5465640000.0,^IXIC
2023-12-22,15006.1796875,15047.1904296875,14927.1201171875,14992.9697265625,14992.9697265625,4796600000.0,^IXIC
2023-12-26,15028.6904296875,15101.1796875,15024.0595703125,15074.5703125,15074.5703125,6120600000.0,^IXIC
2023-12-27,15089.66015625,15114.080078125,15051.669921875,15099.1796875,15099.1796875,7480170000.0,^IXIC
2023-12-28,15142.08984375,15150.0703125,15087.2197265625,15095.1396484375,15095.1396484375,5090570000.0,^IXIC
2023-12-29,15099.2001953125,15111.41015625,14955.3701171875,15011.349609375,15011.349609375,5441060000.0,^IXIC
